Sample,Seq Id,Start,End,Size,<-Reads,Reads->,Gene,Description
breseq_15,NZ_CP012004,3852179,3852234,56,160[148],[157]159,ACX60_RS18160,cation transporter
breseq_15,NZ_CP012005,1,141,141,NA[0],[1]2,ACX60_RS18200,hypothetical protein
breseq_15,NZ_CP012005,492,640,149,2[1],[1]3,ACX60_RS18200,hypothetical protein
breseq_15,NZ_CP012005,1173,1285,113,2[0],[1]2,ACX60_RS18205,hypothetical protein
breseq_15,NZ_CP012005,1770,1954,185,2[1],[1]2,ACX60_RS18205,hypothetical protein
breseq_15,NZ_CP012005,2430,2945,516,3[1],[1]2,ACX60_RS18210,hypothetical protein
breseq_15,NZ_CP012005,3394,4704,1311,2[1],[1]2,ACX60_RS18210,hypothetical protein
breseq_15,NZ_CP012005,6380,6650,271,2[1],[0]2,[ACX60_RS18215][ACX60_RS18220],"[ACX60_RS18215], [ACX60_RS18220]"
breseq_15,NZ_CP012005,7247,7591,345,2[1],[1]2,ACX60_RS18225,hypothetical protein
breseq_15,NZ_CP012005,7751,7873,123,2[1],[1]2,[ACX60_RS18225][ACX60_RS18230],"[ACX60_RS18225], [ACX60_RS18230]"
breseq_15,NZ_CP012005,8024,8186,163,2[1],[1]2,ACX60_RS18230,hypothetical protein
breseq_15,NZ_CP012005,8224,8605,382,2[1],[1]2,[ACX60_RS18230][ACX60_RS18235],"[ACX60_RS18230], [ACX60_RS18235]"
breseq_15,NZ_CP012005,8783,8839,57,2[1],[0]2,ACX60_RS18235,hypothetical protein
breseq_15,NZ_CP012005,9352,9956,605,2[1],[1]2,[ACX60_RS18235][ACX60_RS18240],"[ACX60_RS18235], [ACX60_RS18240]"
breseq_15,NZ_CP012005,10161,10292,132,2[1],[1]2,ACX60_RS18240,hypothetical protein
breseq_15,NZ_CP012005,10574,10690,117,2[0],[1]2,ACX60_RS18245,hypothetical protein
breseq_15,NZ_CP012005,10960,11432,473,3[1],[1]2,[ACX60_RS18245][ACX60_RS18250],"[ACX60_RS18245], [ACX60_RS18250]"
breseq_15,NZ_CP012005,11515,11712,198,2[1],[1]2,ACX60_RS18250,hypothetical protein
breseq_15,NZ_CP012005,11789,11933,145,2[1],[0]2,ACX60_RS18250,hypothetical protein
breseq_15,NZ_CP012005,12084,12190,107,2[0],[1]2,ACX60_RS18250,hypothetical protein
breseq_15,NZ_CP012005,12251,12488,238,2[1],[1]2,ACX60_RS18250,hypothetical protein
breseq_15,NZ_CP012005,13202,13403,202,2[1],[1]2,ACX60_RS18250,hypothetical protein
breseq_15,NZ_CP012005,13690,13838,149,2[1],[1]2,ACX60_RS18250,hypothetical protein
breseq_15,NZ_CP012005,13928,14269,342,2[1],[1]2,[ACX60_RS18250][ACX60_RS18255],"[ACX60_RS18250], [ACX60_RS18255]"
breseq_15,NZ_CP012005,14618,15020,403,2[1],[1]2,[ACX60_RS18260],[ACX60_RS18260]
breseq_15,NZ_CP012005,15171,16371,1201,2[1],[1]2,ACX60_RS18260,peptidase M23
breseq_15,NZ_CP012005,16417,16747,331,2[1],[1]2,[ACX60_RS18260][ACX60_RS18265],"[ACX60_RS18260], [ACX60_RS18265]"
breseq_15,NZ_CP012005,16862,17545,684,2[1],[1]2,[ACX60_RS18265]ACX60_RS18275,"[ACX60_RS18265], ACX60_RS18270, ACX60_RS18275"
breseq_15,NZ_CP012005,18076,18638,563,2[1],[1]2,ACX60_RS18280,hypothetical protein
breseq_15,NZ_CP012005,18773,18944,172,2[1],[1]2,ACX60_RS18280,hypothetical protein
breseq_15,NZ_CP012005,19094,19487,394,2[1],[1]2,[ACX60_RS18280],[ACX60_RS18280]
breseq_15,NZ_CP012005,19494,19669,176,2[1],[0]2,[ACX60_RS18285],[ACX60_RS18285]
breseq_15,NZ_CP012005,19954,20038,85,2[1],[1]2,[ACX60_RS18285][ACX60_RS18290],"[ACX60_RS18285], [ACX60_RS18290]"
breseq_15,NZ_CP012005,20129,20521,393,2[1],[1]2,ACX60_RS18290,DNA polymerase V subunit UmuC
breseq_15,NZ_CP012005,20577,20842,266,2[1],[1]2,ACX60_RS18290,DNA polymerase V subunit UmuC
breseq_15,NZ_CP012005,20888,21028,141,2[1],[1]2,ACX60_RS18290,DNA polymerase V subunit UmuC
breseq_15,NZ_CP012005,21170,21409,240,2[1],[1]2,[ACX60_RS18290],[ACX60_RS18290]
breseq_15,NZ_CP012005,22063,22182,120,2[1],[1]2,ACX60_RS18295,hypothetical protein
breseq_15,NZ_CP012005,22318,22384,67,2[1],[1]2,ACX60_RS18295,hypothetical protein
breseq_15,NZ_CP012005,22643,22694,52,2[1],[1]2,ACX60_RS18300,chromosome partitioning protein ParB
breseq_15,NZ_CP012005,23188,23296,109,2[1],[1]2,ACX60_RS18300,chromosome partitioning protein ParB
breseq_15,NZ_CP012005,23629,23722,94,2[1],[1]2,ACX60_RS18305,IncC protein
breseq_15,NZ_CP012005,24079,24113,35,2[1],[0]2,ACX60_RS18305,IncC protein
breseq_15,NZ_CP012005,24222,24941,720,3[1],[1]2,[ACX60_RS18305][ACX60_RS18310],"[ACX60_RS18305], [ACX60_RS18310]"
breseq_15,NZ_CP012005,25084,25147,64,2[1],[1]3,[ACX60_RS18310][ACX60_RS18315],"[ACX60_RS18310], [ACX60_RS18315]"
breseq_15,NZ_CP012005,25418,25434,17,2[0],[0]2,ACX60_RS18315,hypothetical protein
breseq_15,NZ_CP012005,25564,25673,110,3[1],[1]2,ACX60_RS18315,hypothetical protein
breseq_15,NZ_CP012005,26287,26708,422,2[1],[1]2,[ACX60_RS18320][ACX60_RS18325],"[ACX60_RS18320], [ACX60_RS18325]"
breseq_15,NZ_CP012005,26781,27137,357,2[1],[1]3,ACX60_RS18325,hypothetical protein
breseq_15,NZ_CP012005,27404,27862,459,2[0],[1]2,[ACX60_RS18325][ACX60_RS18330],"[ACX60_RS18325], [ACX60_RS18330]"
breseq_15,NZ_CP012005,28012,28257,246,2[1],[1]2,ACX60_RS18330,hypothetical protein
breseq_15,NZ_CP012005,28350,28545,196,2[1],[1]2,[ACX60_RS18330],[ACX60_RS18330]
breseq_15,NZ_CP012005,28667,28882,216,3[1],[1]2,ACX60_RS18335,hypothetical protein
breseq_15,NZ_CP012005,29042,29885,844,2[1],[1]2,ACX60_RS18335,hypothetical protein
breseq_15,NZ_CP012005,30600,30881,282,2[1],[1]2,[ACX60_RS18340][ACX60_RS18345],"[ACX60_RS18340], [ACX60_RS18345]"
breseq_15,NZ_CP012005,30961,31340,380,2[1],[1]2,ACX60_RS18345,hypothetical protein
breseq_15,NZ_CP012005,32063,32247,185,2[1],[1]2,[ACX60_RS18350][ACX60_RS18355],"[ACX60_RS18350], [ACX60_RS18355]"
breseq_15,NZ_CP012005,32512,33054,543,2[1],[1]2,ACX60_RS18355,hypothetical protein
breseq_15,NZ_CP012005,33506,33646,141,2[0],[1]2,ACX60_RS18360,hypothetical protein
breseq_15,NZ_CP012005,33797,34055,259,2[1],[1]2,ACX60_RS18360,hypothetical protein
breseq_15,NZ_CP012005,34231,34386,156,2[1],[1]2,[ACX60_RS18365],[ACX60_RS18365]
breseq_15,NZ_CP012005,34598,34773,176,2[1],[1]2,[ACX60_RS18365],[ACX60_RS18365]
breseq_15,NZ_CP012005,34923,34991,69,2[1],[1]2,ACX60_RS18365/ACX60_RS18370,hypothetical protein/hypothetical protein
breseq_15,NZ_CP012005,35323,35494,172,2[1],[1]2,ACX60_RS18365/ACX60_RS18370,hypothetical protein/hypothetical protein
breseq_15,NZ_CP012005,36380,37074,695,2[1],[1]2,ACX60_RS18370,hypothetical protein
breseq_15,NZ_CP012005,37436,37799,364,2[1],[1]2,[ACX60_RS18370],[ACX60_RS18370]
breseq_15,NZ_CP012005,37967,38115,149,2[1],[1]2,[ACX60_RS18375][ACX60_RS18380],"[ACX60_RS18375], [ACX60_RS18380]"
breseq_15,NZ_CP012005,38266,38889,624,2[1],[1]2,[ACX60_RS18380][ACX60_RS18390],"[ACX60_RS18380], ACX60_RS18385, [ACX60_RS18390]"
breseq_15,NZ_CP012005,39379,39602,224,2[1],[1]2,[ACX60_RS18395],[ACX60_RS18395]
breseq_15,NZ_CP012005,39669,39807,139,2[1],[1]2,ACX60_RS18395/ACX60_RS18400,hypothetical protein/hypothetical protein
breseq_15,NZ_CP012005,40168,40209,42,2[1],[0]2,ACX60_RS18405,conjugal transfer protein
breseq_15,NZ_CP012005,40351,40533,183,2[0],[1]2,ACX60_RS18405,conjugal transfer protein
breseq_15,NZ_CP012005,40907,41144,238,2[1],[1]2,ACX60_RS18410,hypothetical protein
breseq_15,NZ_CP012005,41789,42188,400,2[1],[1]2,[ACX60_RS18410][ACX60_RS18415],"[ACX60_RS18410], [ACX60_RS18415]"
breseq_15,NZ_CP012005,42331,42460,130,2[1],[1]2,ACX60_RS18415,hypothetical protein
breseq_15,NZ_CP012005,42579,42704,126,2[1],[1]2,ACX60_RS18415,hypothetical protein
breseq_15,NZ_CP012005,42844,42940,97,2[1],[1]2,ACX60_RS18415,hypothetical protein
breseq_15,NZ_CP012005,43030,43211,182,2[1],[1]2,ACX60_RS18415,hypothetical protein
breseq_15,NZ_CP012005,43698,43860,163,2[0],[1]2,ACX60_RS18420,hypothetical protein
breseq_15,NZ_CP012005,44448,45621,1174,2[1],[1]2,[ACX60_RS18420][ACX60_RS18430],"[ACX60_RS18420], ACX60_RS18425, [ACX60_RS18430]"
breseq_15,NZ_CP012005,45924,45982,59,2[1],[1]2,ACX60_RS18435,hypothetical protein
breseq_15,NZ_CP012005,46416,46763,348,2[1],[1]2,[ACX60_RS18435][ACX60_RS18440],"[ACX60_RS18435], [ACX60_RS18440]"
breseq_15,NZ_CP012005,47185,47454,270,2[1],[1]2,ACX60_RS18440,hypothetical protein
breseq_15,NZ_CP012005,47566,47632,67,2[1],[0]2,ACX60_RS18445,IcmB protein
breseq_15,NZ_CP012005,48139,48584,446,2[1],[1]2,ACX60_RS18445,IcmB protein
breseq_15,NZ_CP012005,48639,49033,395,2[1],[1]2,ACX60_RS18445,IcmB protein
breseq_15,NZ_CP012005,49169,49289,121,2[0],[1]2,ACX60_RS18445,IcmB protein
breseq_15,NZ_CP012005,49435,49564,130,2[0],[1]2,ACX60_RS18445,IcmB protein
breseq_15,NZ_CP012005,49789,50182,394,3[1],[1]2,ACX60_RS18445,IcmB protein
breseq_15,NZ_CP012005,50600,51141,542,2[1],[1]2,[ACX60_RS18445][ACX60_RS18450],"[ACX60_RS18445], [ACX60_RS18450]"
breseq_15,NZ_CP012005,51336,51562,227,2[1],[1]2,ACX60_RS18455,hypothetical protein
breseq_15,NZ_CP012005,51782,51825,44,2[1],[1]2,ACX60_RS18455,hypothetical protein
breseq_15,NZ_CP012005,52157,52471,315,2[1],[1]2,ACX60_RS18455,hypothetical protein
breseq_15,NZ_CP012005,52884,53327,444,2[0],[1]2,ACX60_RS18455,hypothetical protein
breseq_15,NZ_CP012005,53759,53962,204,2[1],[1]2,ACX60_RS18455,hypothetical protein
breseq_15,NZ_CP012005,54113,54261,149,2[1],[1]2,[ACX60_RS18460],[ACX60_RS18460]
breseq_15,NZ_CP012005,54382,54448,67,2[1],[0]2,[ACX60_RS18460][ACX60_RS18465],"[ACX60_RS18460], [ACX60_RS18465]"
breseq_15,NZ_CP012005,54599,54694,96,2[0],[1]2,[ACX60_RS18465][ACX60_RS18470],"[ACX60_RS18465], [ACX60_RS18470]"
breseq_15,NZ_CP012005,54982,55202,221,2[1],[1]2,ACX60_RS18475,hypothetical protein
breseq_15,NZ_CP012005,55237,55398,162,2[1],[1]2,[ACX60_RS18475][ACX60_RS18480],"[ACX60_RS18475], [ACX60_RS18480]"
breseq_15,NZ_CP012005,56500,56635,136,2[1],[1]2,ACX60_RS18490,hypothetical protein
breseq_15,NZ_CP012005,56785,56819,35,2[1],[1]2,[ACX60_RS18495],[ACX60_RS18495]
breseq_15,NZ_CP012005,56960,57406,447,3[1],[1]2,[ACX60_RS18495][ACX60_RS18500],"[ACX60_RS18495], [ACX60_RS18500]"
breseq_15,NZ_CP012005,58740,58929,190,2[1],[1]2,ACX60_RS18515,hypothetical protein
breseq_15,NZ_CP012005,59105,59273,169,2[1],[1]2,ACX60_RS18515,hypothetical protein
breseq_15,NZ_CP012005,59579,60249,671,2[1],[0]2,[ACX60_RS18515],[ACX60_RS18515]
breseq_15,NZ_CP012005,60796,61331,536,2[1],[1]2,[ACX60_RS18525],[ACX60_RS18525]
breseq_15,NZ_CP012005,61858,62299,442,2[1],[1]2,ACX60_RS18535,hypothetical protein
breseq_15,NZ_CP012005,62395,62552,158,2[1],[1]2,[ACX60_RS18535][ACX60_RS18540],"[ACX60_RS18535], [ACX60_RS18540]"
breseq_15,NZ_CP012005,62578,63068,491,2[1],[1]2,ACX60_RS18540,conjugal transfer protein
breseq_15,NZ_CP012005,63078,63452,375,2[1],[1]2,[ACX60_RS18540][ACX60_RS18545],"[ACX60_RS18540], [ACX60_RS18545]"
breseq_15,NZ_CP012005,63572,64482,911,2[1],[1]2,ACX60_RS18550[ACX60_RS18560],"ACX60_RS18550, ACX60_RS18555, [ACX60_RS18560]"
breseq_15,NZ_CP012005,64532,65092,561,2[1],[1]2,ACX60_RS18560,hypothetical protein
breseq_15,NZ_CP012005,65195,65722,528,2[1],[1]2,[ACX60_RS18565],[ACX60_RS18565]
breseq_15,NZ_CP012005,66181,66238,58,2[0],[1]2,ACX60_RS18565,hypothetical protein
breseq_15,NZ_CP012005,66662,66920,259,2[1],[1]2,[ACX60_RS18570],[ACX60_RS18570]
breseq_15,NZ_CP012005,67323,67334,12,2[1],[1]2,ACX60_RS18570,DNA topoisomerase I
breseq_15,NZ_CP012005,67455,67830,376,2[1],[1]2,ACX60_RS18570,DNA topoisomerase I
breseq_15,NZ_CP012005,68347,68812,466,2[1],[1]2,ACX60_RS18570,DNA topoisomerase I
breseq_15,NZ_CP012005,69145,69386,242,2[1],[1]2,[ACX60_RS19350],[ACX60_RS19350]
breseq_15,NZ_CP012005,69883,70107,225,2[1],[1]2,[ACX60_RS18585],[ACX60_RS18585]
breseq_15,NZ_CP012005,70362,71778,1417,2[1],[1]2,ACX60_RS18585,hypothetical protein
breseq_15,NZ_CP012005,71918,72320,403,2[1],[1]2,[ACX60_RS18590],[ACX60_RS18590]
breseq_15,NZ_CP012005,72392,72724,333,2[1],[0]2,ACX60_RS18595,ferrous iron transporter B
breseq_15,NZ_CP012005,73571,73682,112,2[1],[1]2,ACX60_RS18595,ferrous iron transporter B
breseq_15,NZ_CP012005,73803,73837,35,2[1],[0]2,ACX60_RS18595,ferrous iron transporter B
breseq_15,NZ_CP012005,73993,74380,388,3[0],[1]2,[ACX60_RS18595],[ACX60_RS18595]
breseq_15,NZ_CP012005,74691,74945,255,2[1],[1]2,[ACX60_RS18600][ACX60_RS18605],"[ACX60_RS18600], [ACX60_RS18605]"
breseq_15,NZ_CP012005,75097,75299,203,2[1],[1]2,ACX60_RS18605,arsenic resistance protein
breseq_15,NZ_CP012005,75765,75944,180,2[1],[1]2,[ACX60_RS18605],[ACX60_RS18605]
breseq_15,NZ_CP012005,76096,76296,201,2[1],[1]2,ACX60_RS18610,hypothetical protein
breseq_15,NZ_CP012005,76483,76633,151,2[1],[1]2,ACX60_RS18610,hypothetical protein
breseq_15,NZ_CP012005,76931,77089,159,2[1],[1]2,[ACX60_RS18610],[ACX60_RS18610]
breseq_15,NZ_CP012005,77244,7841077712,4691167,2[1],[1]2,[ACX60_RS19355][ACX60_RS18620],"[ACX60_RS19355], [ACX60_RS18620]"
breseq_15,NZ_CP012005,78537,78755,219,2[1],[1]2,ACX60_RS18620/ACX60_RS18625,IS3 family transposase/protein TniQ
breseq_15,NZ_CP012005,79171,79211,41,2[1],[0]2,ACX60_RS18625,protein TniQ
breseq_15,NZ_CP012005,79362,79796,435,3[1],[1]2,ACX60_RS18625,protein TniQ
breseq_15,NZ_CP012005,80192,80393,202,2[1],[1]2,ACX60_RS18630,transposase
breseq_15,NZ_CP012005,80499,80583,85,2[1],[1]2,ACX60_RS18630,transposase
breseq_15,NZ_CP012005,81236,81477,242,2[1],[1]2,ACX60_RS18635,integrase
breseq_15,NZ_CP012005,81742,82138,397,2[1],[1]2,ACX60_RS18635,integrase
breseq_15,NZ_CP012005,82699,82871,173,2[1],[1]2,ACX60_RS18645,hypothetical protein
breseq_15,NZ_CP012005,82998,83083,86,2[1],[1]3,ACX60_RS18645,hypothetical protein
breseq_15,NZ_CP012005,83702,84025,324,2[1],[1]2,ACX60_RS18650,replication protein C
breseq_15,NZ_CP012005,84214,84395,182,2[1],[1]2,[ACX60_RS18650],[ACX60_RS18650]
breseq_15,NZ_CP012005,84504,85272,769,2[1],[1]2,ACX60_RS18650/ACX60_RS18655,replication protein C/stabilization protein
breseq_15,NZ_CP012005,85839,86497,659,2[1],[0]2,[ACX60_RS18660][ACX60_RS18665],"[ACX60_RS18660], [ACX60_RS18665]"
breseq_15,NZ_CP012005,86633,87156,524,3[1],[0]2,[ACX60_RS18665][ACX60_RS18670],"[ACX60_RS18665], [ACX60_RS18670]"
breseq_15,NZ_CP012005,87506,88138,633,2[1],[1]2,[ACX60_RS18670],[ACX60_RS18670]
breseq_15,NZ_CP012005,88190,88404,215,2[1],[1]2,[ACX60_RS18675],[ACX60_RS18675]
breseq_15,NZ_CP012005,89220,89575,356,2[1],[0]2,ACX60_RS18690,arsenicalresistance protein
breseq_15,NZ_CP012005,90386,90595,210,2[1],[1]2,ACX60_RS18695,proteintyrosinephosphatase
breseq_15,NZ_CP012005,90760,91142,383,2[1],[1]2,ACX60_RS18700,FMN reductase
breseq_15,NZ_CP012005,91515,91661,147,2[1],[1]2,ACX60_RS18705,transcriptional regulator
breseq_15,NZ_CP012005,91730,91854,125,2[1],[1]2,[ACX60_RS18710],[ACX60_RS18710]
breseq_15,NZ_CP012005,92793,92877,85,3[1],[1]2,[ACX60_RS18715],[ACX60_RS18715]
breseq_15,NZ_CP012005,93252,93350,99,2[1],[1]2,ACX60_RS18720,IS91 family transposase
breseq_15,NZ_CP012005,93827,93946,120,2[1],[1]2,ACX60_RS18720,IS91 family transposase
breseq_15,NZ_CP012005,94384,94728,345,2[1],[1]2,[ACX60_RS18720][ACX60_RS18725],"[ACX60_RS18720], [ACX60_RS19360], [ACX60_RS18725]"
breseq_15,NZ_CP012005,95140,95496,357,2[1],[0]2,ACX60_RS18730,sulfonamideresistant dihydropteroate synthase Sul2
breseq_15,NZ_CP012005,96341,96551,211,2[0],[1]2,ACX60_RS19365,IS4 family transposase
breseq_15,NZ_CP012005,96570,96727,158,2[1],[1]2,ACX60_RS19365,IS4 family transposase
breseq_15,NZ_CP012005,97011,98375,1365,2[1],[1]2,[ACX60_RS19365][ACX60_RS18750],"[ACX60_RS19365], ACX60_RS19370, [ACX60_RS18750]"
breseq_15,NZ_CP012005,98568,99580,1013,2[1],[1]2,[ACX60_RS18750][ACX60_RS18755],"[ACX60_RS18750], [ACX60_RS18755]"
breseq_15,NZ_CP012005,99731,99785,55,2[1],[1]2,ACX60_RS18755,heteromeric transposase endonuclease subunit TnsA
breseq_15,NZ_CP012005,99935100009,100355,347421,2[1],[1]2,[ACX60_RS18755],[ACX60_RS18755]
breseq_15,NZ_CP012005,100436,100616,181,2[1],[1]2,ACX60_RS18760,hypothetical protein
breseq_15,NZ_CP012005,100683,100937,255,2[1],[1]3,[ACX60_RS18760][ACX60_RS18765],"[ACX60_RS18760], [ACX60_RS18765]"
breseq_15,NZ_CP012005,101223,101355,133,2[0],[1]2,ACX60_RS18770,hypothetical protein
breseq_15,NZ_CP012005,101497,101556,60,2[1],[1]2,ACX60_RS18770/ACX60_RS18775,hypothetical protein/tyrosine recombinase
breseq_15,NZ_CP012005,101707,102014,308,2[1],[1]2,ACX60_RS18775,tyrosine recombinase
breseq_15,NZ_CP012005,103276,103780,505,3[1],[1]3,ACX60_RS18785,hypothetical protein
breseq_15,NZ_CP012005,103931,104319,389,2[1],[0]2,ACX60_RS18785,hypothetical protein
breseq_15,NZ_CP012005,104419,104622,204,2[1],[1]2,[ACX60_RS18785][ACX60_RS18790],"[ACX60_RS18785], [ACX60_RS18790]"
breseq_15,NZ_CP012005,104974,105164,191,2[1],[1]2,ACX60_RS18790,hypothetical protein
breseq_15,NZ_CP012005,105821,106021,201,2[1],[1]2,ACX60_RS18795,hypothetical protein
breseq_15,NZ_CP012005,119996,120116,121,2[1],[1]2,ACX60_RS18860,DNA mismatch repair protein
breseq_15,NZ_CP012005,120501,120777,277,2[1],[0]2,ACX60_RS18860,DNA mismatch repair protein
breseq_15,NZ_CP012005,120971,121032,62,2[1],[1]2,ACX60_RS18860,DNA mismatch repair protein
breseq_15,NZ_CP012005,121384,121434,51,2[0],[1]3,ACX60_RS18860,DNA mismatch repair protein
breseq_15,NZ_CP012005,121585,121711,127,2[1],[1]2,ACX60_RS18860,DNA mismatch repair protein
breseq_15,NZ_CP012005,122248,122717,470,2[1],[1]2,ACX60_RS18865,hypothetical protein
breseq_15,NZ_CP012005,122796,122931,136,2[1],[1]2,ACX60_RS18865,hypothetical protein
breseq_15,NZ_CP012005,123019,123047,29,2[1],[1]3,[ACX60_RS18865],[ACX60_RS18865]
breseq_15,NZ_CP012005,123695,123710,16,2[1],[0]2,ACX60_RS18875,"transcriptional regulator, TetR family"
breseq_15,NZ_CP012005,124332,124910,579,2[1],[1]2,[ACX60_RS18880][ACX60_RS18885],"[ACX60_RS18880], ACX60_RS19385, [ACX60_RS18885]"
breseq_15,NZ_CP012005,126833,126866,34,2[1],[1]2,ACX60_RS18900,TetR family transcriptional regulator
breseq_15,NZ_CP012005,127256,127464,209,2[1],[0]2,ACX60_RS18905,hypothetical protein
breseq_15,NZ_CP012005,128211,128364,154,2[0],[0]2,ACX60_RS18910,hypothetical protein
breseq_15,NZ_CP012005,128515,128579,65,2[0],[1]2,[ACX60_RS18910],[ACX60_RS18910]
breseq_15,NZ_CP012005,128699,128789,91,2[0],[1]2,ACX60_RS18915,hypothetical protein
breseq_15,NZ_CP012005,128889,129310,422,2[1],[1]2,ACX60_RS18915,hypothetical protein
breseq_15,NZ_CP012005,129401,129647,247,2[1],[1]2,ACX60_RS18915,hypothetical protein
breseq_15,NZ_CP012005,129955,130158,204,2[1],[1]2,[ACX60_RS18915][ACX60_RS18920],"[ACX60_RS18915], [ACX60_RS18920]"
breseq_15,NZ_CP012005,130231,130434,204,2[0],[1]2,ACX60_RS18920,hypothetical protein
breseq_15,NZ_CP012005,130574,130709,136,2[1],[1]2,ACX60_RS18920/ACX60_RS18925,hypothetical protein/hypothetical protein
breseq_15,NZ_CP012005,130985,131204,220,2[1],[1]2,ACX60_RS18920/ACX60_RS18925,hypothetical protein/hypothetical protein
breseq_15,NZ_CP012005,131474,131501,28,2[1],[0]587,ACX60_RS18925,hypothetical protein
breseq_15,NZ_CP012005,132837,133501,665,2[1],[1]2,[ACX60_RS18935][ACX60_RS18945],"[ACX60_RS18935], ACX60_RS18940, [ACX60_RS18945]"
breseq_15,NZ_CP012005,133745,134197,453,2[1],[1]2,ACX60_RS18945,hypothetical protein
breseq_15,NZ_CP012005,134699,135347,649,2[1],[0]2,[ACX60_RS18945][ACX60_RS18950],"[ACX60_RS18945], [ACX60_RS18950]"
breseq_15,NZ_CP012005,136089,136630,542,2[1],[1]2,ACX60_RS18950/ACX60_RS18955,hypothetical protein/hypothetical protein
breseq_15,NZ_CP012005,136639,137906,1268,2[1],[1]2,ACX60_RS18955,hypothetical protein
breseq_15,NZ_CP012005,138270,138399,130,2[1],[1]2,ACX60_RS18960,helicase
breseq_15,NZ_CP012005,138502,138834,333,2[1],[1]2,ACX60_RS18960,helicase
breseq_15,NZ_CP012005,139090,139219,130,2[1],[1]2,ACX60_RS18960,helicase
breseq_15,NZ_CP012005,139683,140231,549,2[1],[1]2,ACX60_RS18960,helicase
breseq_15,NZ_CP012005,141281,141304,24,2[1],[1]2,ACX60_RS18960,helicase
breseq_15,NZ_CP012005,141842,141940,99,2[1],[1]2,ACX60_RS18960,helicase
breseq_15,NZ_CP012005,142903,142985,83,2[1],[1]2,ACX60_RS18960,helicase
breseq_15,NZ_CP012005,143139,143384,246,2[1],[1]2,ACX60_RS18960,helicase
breseq_15,NZ_CP012005,143428,143694,267,2[1],[1]2,ACX60_RS18960,helicase
breseq_15,NZ_CP012005,143758,143948,191,2[1],[1]2,ACX60_RS18960,helicase
breseq_15,NZ_CP012005,144025,144265,241,2[1],[1]2,ACX60_RS18965,hypothetical protein
breseq_15,NZ_CP012005,144646,144943,298,2[1],[1]2,ACX60_RS18965,hypothetical protein
breseq_15,NZ_CP012005,145094,145349,256,2[1],[1]2,ACX60_RS18965,hypothetical protein
breseq_15,NZ_CP012005,145500,145710,211,2[1],[1]2,ACX60_RS18965,hypothetical protein
breseq_15,NZ_CP012005,145787,145809,23,2[1],[1]2,ACX60_RS18965,hypothetical protein
breseq_15,NZ_CP012005,145958,146060,103,2[1],[1]2,[ACX60_RS18965],[ACX60_RS18965]
breseq_15,NZ_CP012005,146327,146728,402,3[1],[0]2,[ACX60_RS18970][ACX60_RS18975],"[ACX60_RS18970], [ACX60_RS18975]"
breseq_15,NZ_CP012005,147113,147252,140,2[1],[0]2,[ACX60_RS18975][ACX60_RS18980],"[ACX60_RS18975], [ACX60_RS18980]"
breseq_15,NZ_CP012005,147391,147559,169,2[1],[1]2,ACX60_RS18980,hypothetical protein
breseq_15,NZ_CP012005,147681,148077,397,2[1],[1]2,ACX60_RS18980,hypothetical protein
breseq_15,NZ_CP012005,148746,148955,210,2[1],[0]NA,ACX60_RS18985,hypothetical protein
breseq_18,NZ_CP012004,3852179,3852203,25,143[129],[134]144,ACX60_RS18160,cation transporter
breseq_19,NZ_CP012004,3852179,3852197,19,160[148],[155]160,ACX60_RS18160,cation transporter